{"x":[0,100,200,300,400,500,600,700,800,900],"y":[0.9558181818181737,6.77896969696969,12.602121212121206,18.42527272727272,24.24842424242424,30.071575757575754,35.894727272727266,41.71787878787878,47.541030303030304,53.36418181818182],"m":0.05823151515151516,"b":900}