{"x":[0,100,200,300,400,500,600,700,800,900],"y":[0.029272727272719123,6.249212121212114,12.469151515151509,18.689090909090904,24.9090303030303,31.128969696969694,37.34890909090909,43.56884848484849,49.78878787878788,56.00872727272728],"m":0.06219939393939395,"b":0.029272727272719123,"sse":2668.222489696969,"ssto":5859.95329,"r_sq":0.544668300641528}